{
    "FollowCamera": {
        "fpsView_": [
            0.0,
            5.0,
            0.0
        ],
        "movemauseSpeed": 0.0020000000949949026,
        "movepadSpeed": 0.014999999664723873,
        "tpsView_": [
            0.0,
            5.0,
            -30.0
        ]
    }
}
